clone_type,principle,n,mean,median,std
T1,SRP,5,2.0,2.0,0.0
T1,OCP,5,1.6,2.0,0.5477225575051661
T1,DIP,5,2.0,2.0,0.0
T2,SRP,7,2.0,2.0,0.0
T2,OCP,7,1.7142857142857142,2.0,0.48795003647426666
T2,DIP,7,2.0,2.0,0.0
T3,SRP,15479,1.895665094644357,2.0,0.34201231076752475
T3,OCP,15479,1.9127204599780347,2.0,0.31554109158312943
T3,DIP,15479,1.585050713870405,2.0,0.634830276721467
