clone_type,principle,n,mean,median,std
T1,SRP,5,2.0,2.0,0.0
T1,OCP,5,1.6,2.0,0.5477225575051661
T1,DIP,5,2.0,2.0,0.0
T2,SRP,7,2.0,2.0,0.0
T2,OCP,7,1.7142857142857142,2.0,0.4879500364742666
T2,DIP,7,2.0,2.0,0.0
T3,SRP,15880,1.8948362720403022,2.0,0.34320448366627615
T3,OCP,15880,1.9110831234256926,2.0,0.3176732045603236
T3,DIP,15880,1.585390428211587,2.0,0.6340770396857273
