clone_type,principle,n,mean,median,std
T1,SRP,5,2.0,2.0,0.0
T1,OCP,5,1.6,2.0,0.5477225575051661
T1,DIP,5,2.0,2.0,0.0
T2,SRP,7,2.0,2.0,0.0
T2,OCP,7,1.7142857142857142,2.0,0.48795003647426666
T2,DIP,7,2.0,2.0,0.0
T3,SRP,14045,1.8902812388750445,2.0,0.3509684072979776
T3,OCP,14045,1.9030259878960485,2.0,0.33156385654220427
T3,DIP,14045,1.5541473834104664,2.0,0.6511208329814319
