clone_type,principle,n,mean,median,std
T1,SRP,5,2.0,2.0,0.0
T1,OCP,5,1.6,2.0,0.5477225575051661
T1,DIP,5,2.0,2.0,0.0
T2,SRP,7,2.0,2.0,0.0
T2,OCP,7,1.7142857142857142,2.0,0.48795003647426666
T2,DIP,7,2.0,2.0,0.0
T3,SRP,13728,1.8975087412587412,2.0,0.33437772801493115
T3,OCP,13728,1.9162296037296038,2.0,0.3109970575944046
T3,DIP,13728,1.6123251748251748,2.0,0.6100583887934625
