project,display_name,n_methods,n_cloned,clone_rate,mean_srp,mean_ocp,mean_dip,mean_composite,prop_strong_solid,mean_srp_cloned,mean_ocp_cloned,mean_dip_cloned,mean_srp_non_cloned,mean_ocp_non_cloned,mean_dip_non_cloned,n_t1_diag,n_t2_diag,n_t3_diag
commonslang,Commons Lang,9589,2693,0.28084263218270933,1.9853999374283033,1.9618312649911356,1.852017937219731,5.79924913963917,0.9948899780999061,1.9847753434831044,1.9702933531377647,1.8169327887114741,1.9856438515081207,1.9585266821345708,1.8657192575406032,3,0,2690
fitnesse,FitNesse,5632,401,0.07120028409090909,1.8620383522727273,1.7993607954545454,1.6248224431818181,5.286221590909091,0.9209872159090909,1.8628428927680798,1.8478802992518704,1.598503740648379,1.8619766774995221,1.7956413687631427,1.6268399923532786,0,0,401
hibernate-orm,Hibernate ORM,16404,1713,0.10442574981711777,1.9329431845891245,1.8947207998049256,1.8015727871250915,5.629236771519142,0.9727505486466715,1.9229422066549913,1.7997664915353182,1.768242848803269,1.934109318630454,1.9057926621741201,1.8054591246341298,0,2,1711
jackson-databind_,Jackson Databind,15927,2903,0.18226910278144032,1.9552332517109312,1.9200728322973566,1.7454636780310164,5.620769762039305,0.9785898160356628,1.9438511884257665,1.9128487771271099,1.6414054426455391,1.9577702702702702,1.9216830466830468,1.7686578624078624,0,0,2903
junit5,JUnit 5,11749,1835,0.15618350497914715,1.9269725082985787,1.9343773938207507,1.8250063835220018,5.686356285641331,0.9860413652225721,1.929700272479564,1.9727520435967303,1.8245231607629429,1.9264676215452894,1.9272745612265483,1.8250958240871495,0,0,1835
selenium-trunk,Selenium,5347,702,0.13128857303160651,1.9156536375537685,1.819337946512063,1.72358331774827,5.458574901814101,0.9448288760052366,1.9088319088319088,1.772079772079772,1.7678062678062678,1.9166846071044132,1.8264800861141013,1.7168998923573735,2,3,697
struts,Struts,14618,3493,0.2389519770146395,1.8685866739636066,1.9121630866055548,1.5952934737994253,5.376043234368587,0.9419893282254754,1.764385914686516,1.9407386200973376,1.2141425708559976,1.9013033707865168,1.9031910112359551,1.7149662921348314,0,2,3491
